sieve_bound,S1,S2,S3,S4,S5,S6,note
100,8.31136,69.0787,574.137,4771.86,39660.6,329634,no resonant prime yet
282,10.1896,103.828,1057.97,10780.3,109847,1.1193e+06,just before first cliff
283,8.56362,75.7457,683.877,6065.89,53336.4,480764,first cliff (p=283)
1000,9.15107,86.3851,838.973,7947.04,74536.6,710658,after partial recovery
5000,8.72666,78.7738,734.067,6668.15,60314.7,555276,oscillating
10000,8.63927,77.1786,711.489,6392.28,57172.8,520348,v1 truncation point
100000,8.69744,78.2064,725.56,6558.51,59044.8,540940,
1000000,8.67859,77.8681,720.859,6502.01,58409.8,533966,
exact,8.68274,77.9427,721.895,6514.47,58549.8,535502,accelerated limit
